{
    "rmse": 0.8053421711218992,
    "mae": 0.6584918028925225,
    "r2": 0.007543691792420093
}